<?xml version="1.0" encoding="UTF-8"?>
<beans:beans xmlns="http://www.springframework.org/schema/security" xmlns:xsi="http://www.w3.org/2001/XMLSchema-instance" xmlns:beans="http://www.springframework.org/schema/beans"
    xsi:schemaLocation="
        http://www.springframework.org/schema/security 
        http://www.springframework.org/schema/security/spring-security.xsd
        http://www.springframework.org/schema/beans 
        http://www.springframework.org/schema/beans/spring-beans.xsd"
>

	<http use-expressions="true">
		<intercept-url pattern="/login*" access="permitAll" />
		<intercept-url pattern="/logout*" access="permitAll" />
		<intercept-url pattern="/signin/**" access="permitAll" />
		<intercept-url pattern="/signup/**" access="permitAll" />
		<intercept-url pattern="/user/registration*" access="permitAll" />
		<intercept-url pattern="/registrationConfirm*" access="permitAll" />
		<intercept-url pattern="/expiredAccount*" access="permitAll" />
		<intercept-url pattern="/registration*" access="permitAll" />
		<intercept-url pattern="/registerHospital*" access="permitAll" />
		<intercept-url pattern="/badUser*" access="permitAll" />
		<intercept-url pattern="/resources/**" access="permitAll" />
		<intercept-url pattern="/invalidSession*" access="isAnonymous()" />
		<intercept-url pattern="/**" access="isAuthenticated()" />
		<form-login login-page='/login.html'
			authentication-failure-url="/login.html?error=true"
			authentication-success-handler-ref="myAuthenticationSuccessHandler"
			default-target-url="/homepage.html" />
		<session-management invalid-session-url="/invalidSession.html"
			session-fixation-protection="none" />
		<logout invalidate-session="false" logout-success-url="/logout.html?logSucc=true"
			logout-url="/j_spring_security_logout" delete-cookies="JSESSIONID" />
	</http>

	<beans:bean id="myAuthenticationSuccessHandler"
		class="org.baeldung.security.MySimpleUrlAuthenticationSuccessHandler" />

	<authentication-manager>
		<authentication-provider user-service-ref="userDetailsService" />
	</authentication-manager>
	<beans:bean id="userDetailsService" class="org.baeldung.security.MyUserDetailsService" />

</beans:beans>